Sexo,Média óbitos infantis 2022-24,NV 2023,TMI (‰)
Total,238.33333333333334,12948,18.41
Masculino,128.66666666666666,6637,19.39
Feminino,107.66666666666667,6310,17.06
